うな,nami.furuhata@horizon-cg.com,0
卵焼き,nami.furuhata@horizon-cg.com,0
,nami.furuhata@horizon-cg.com,0
,namiv02@gmail.com,0
,nami.furuhata@horizon-cg.com,0
,nami.furuhata@horizon-cg.co,0
うな,,0
卵焼き,,0
あ,namiv02@gmail.com,0
,,0
アイス,,0
あ,,0
おにぎり,,0
っっs,nami.furuhata@horizon-cg.com,0
おにぎり,nami.furuhata@horizon-cg.com,18
い,namiv02@gmail.com,2
なす,namiv02@gmail.com,0
なす,nami.furuhata@horizon-cg.com,18
なす1,nami.furuhata@horizon-cg.com,4
なす2,nami.furuhata@horizon-cg.com,0
なす3,nami.furuhata@horizon-cg.com,0
おにぎり1,nami.furuhata@horizon-cg.com,0
おにぎり2,nami.furuhata@horizon-cg.com,3
うな2,nami.furuhata@horizon-cg.com,0
うな3,nami.furuhata@horizon-cg.com,0
卵焼き2,nami.furuhata@horizon-cg.com,0
卵焼き3,nami.furuhata@horizon-cg.com,0
いいい,nami.furuhata@horizon-cg.com,18
いいい2,nami.furuhata@horizon-cg.com,3
ううう,nami.furuhata@horizon-cg.com,18
ううう2,nami.furuhata@horizon-cg.com,0
ううう3,nami.furuhata@horizon-cg.com,3
いいい3,nami.furuhata@horizon-cg.com,0
ううう22,nami.furuhata@horizon-cg.com,0
ううう23,nami.furuhata@horizon-cg.com,0
っy,nami.furuhata@horizon-cg.com,0
しんちゃん,namiv02@gmail.com,18
玉ねぎ,nami.furuhata@horizon-cg.com,0,namiv02@gmail.com
歯磨き,nami.furuhata@horizon-cg.com,18,namiv02@gmail.com
ぽぽぽ,nami.furuhata@horizon-cg.com,4,nami.furuhata@horizon-cg.com
